Gmaps,Latitude,Longitude,Nama Kepolisian,Alamat,Nomor Telepon,Kabupaten
https://www.google.com/maps/place/Polres+Gunungkidul/data=!4m7!3m6!1s0x2e7bb4822c8bfc15:0xa0c6d8bc47812314!8m2!3d-7.970405!4d110.605462!16s%2Fg%2F11g9vnhv53!19sChIJFfyLLIK0ey4RFCOBR7zYxqA?authuser=0&hl=id&rclk=1,-7.970405,110.605462,Polres Gunungkidul,Jl. Mgr. Sugiyo Pranoto No.15,(0274) 391410,Gunungkidul
https://www.google.com/maps/place/Polsek+Wonosari/data=!4m7!3m6!1s0x2e7bb3f148afc3e7:0x7b2d63c6a98b6ced!8m2!3d-7.9745371!4d110.5944305!16s%2Fg%2F11ghny4jd2!19sChIJ58OvSPGzey4R7WyLqcZjLXs?authuser=0&hl=id&rclk=1,-7.9745371,110.5944305,Polsek Wonosari,"Jl. Bhayangkara no 01, Seneng",0877-3875-3111,Gunungkidul
https://www.google.com/maps/place/Polsek+Patuk/data=!4m7!3m6!1s0x2e7a51c262749921:0x94e2bf5e566c1171!8m2!3d-7.8514998!4d110.4873377!16s%2Fg%2F11t5td3snf!19sChIJIZl0YsJRei4RcRFsVl6_4pQ?authuser=0&hl=id&rclk=1,-7.8514998,110.4873377,Polsek Patuk,Polsek Patuk,,Gunungkidul
https://www.google.com/maps/place/Polsek+Panggang/data=!4m7!3m6!1s0x2e7bab892d81e3fb:0x8d3564d6827d506c!8m2!3d-8.0127954!4d110.420255!16s%2Fg%2F1q6j72f8x!19sChIJ--OBLYmrey4RbFB9gtZkNY0?authuser=0&hl=id&rclk=1,-8.0127954,110.420255,Polsek Panggang,XCPC+V4J,0821-1536-5996,Gunungkidul
https://www.google.com/maps/place/Polsek+Purwosari/data=!4m7!3m6!1s0x2e7baba813db374b:0x5bd2ba26faf16159!8m2!3d-7.9945044!4d110.3735285!16s%2Fg%2F11bc7tsj16!19sChIJSzfbE6irey4RWWHx-ia60ls?authuser=0&hl=id&rclk=1,-7.9945044,110.3735285,Polsek Purwosari,Jl. Parangtritis No.Km 7,(0274) 7467152,Gunungkidul
https://www.google.com/maps/place/Polsek+Saptosari/data=!4m7!3m6!1s0x2e7bae0de9db3ca1:0x857db8226997fd89!8m2!3d-8.046785!4d110.514373!16s%2Fg%2F11bc7r7vnc!19sChIJoTzb6Q2uey4Rif2XaSK4fYU?authuser=0&hl=id&rclk=1,-8.046785,110.514373,Polsek Saptosari,Jl. Raya Panggang Wonosari No.KM 22,,Gunungkidul
https://www.google.com/maps/place/Polsek+Nglipar/data=!4m7!3m6!1s0x2e7a497c59a3464b:0xd047d8c8137bb692!8m2!3d-7.8855202!4d110.6201956!16s%2Fg%2F1q629jqv2!19sChIJS0ajWXxJei4RkrZ7E8jYR9A?authuser=0&hl=id&rclk=1,-7.8855202,110.6201956,Polsek Nglipar,Jl. Nglipar,(0274) 391410,Gunungkidul
https://www.google.com/maps/place/Polsek+Semanu/data=!4m7!3m6!1s0x2e7bb44bd93d8b01:0x5c7e62f7b77d4051!8m2!3d-8.0042426!4d110.6588583!16s%2Fg%2F11c5_0yss1!19sChIJAYs92Uu0ey4RUUB9t_diflw?authuser=0&hl=id&rclk=1,-8.0042426,110.6588583,Polsek Semanu,"XMW5+8G5, Jl. Raya Semanu-Rongkop",(0274) 392404,Gunungkidul
https://www.google.com/maps/place/Polsek+Playen/data=!4m7!3m6!1s0x2e7a4d08b7924211:0x7a42b93e84516089!8m2!3d-7.9145524!4d110.5560111!16s%2Fg%2F11b7tpm8bf!19sChIJEUKStwhNei4RiWBRhD65Qno?authuser=0&hl=id&rclk=1,-7.9145524,110.5560111,Polsek Playen,Jl. Jogja - Wonosari No.Km 33,,Gunungkidul
https://www.google.com/maps/place/Polsek+Gedangsari/data=!4m7!3m6!1s0x2e7a4eea8057ca67:0x2946567ac6f0f564!8m2!3d-7.8443731!4d110.5927628!16s%2Fg%2F11b6tw4nfl!19sChIJZ8pXgOpOei4RZPXwxnpWRik?authuser=0&hl=id&rclk=1,-7.8443731,110.5927628,Polsek Gedangsari,Jl.Raya Gedangsari-Sambipitu Km.01 Gunungkidul,0878-5503-2227,Gunungkidul
https://www.google.com/maps/place/Polsek+Ponjong/data=!4m7!3m6!1s0x2e7bb4c7c53c3481:0xceb83d3480ca6114!8m2!3d-7.9727076!4d110.7127966!16s%2Fg%2F1pztl9k9_!19sChIJgTQ8xce0ey4RFGHKgDQ9uM4?authuser=0&hl=id&rclk=1,-7.9727076,110.7127966,Polsek Ponjong,"2PH7+463, Jl. Jend. Soedirman No. 10, Ponjong",(0274) 7489102,Gunungkidul
https://www.google.com/maps/place/Polsek+Ngawen/data=!4m7!3m6!1s0x2e7a48630b092ad7:0xdaed8d93af239286!8m2!3d-7.8313345!4d110.7019447!16s%2Fg%2F1q62g5krw!19sChIJ1yoJC2NIei4RhpIjr5ON7do?authuser=0&hl=id&rclk=1,-7.8313345,110.7019447,Polsek Ngawen,,(0274) 391410,Gunungkidul
https://www.google.com/maps/place/Polsek+Karangmojo/data=!4m7!3m6!1s0x2e7bb50a66b24aff:0x18d8ae6efb002d3e!8m2!3d-7.955738!4d110.6528378!16s%2Fg%2F11jtypxwpz!19sChIJ_0qyZgq1ey4RPi0A-26u2Bg?authuser=0&hl=id&rclk=1,-7.955738,110.6528378,Polsek Karangmojo,"2MV3+P44, Jl. Karangmojo - Wonosari",,Gunungkidul
https://www.google.com/maps/place/Polsek+Paliyan/data=!4m7!3m6!1s0x2e7bb2283a2f8c8f:0x2b0492292541d45e!8m2!3d-8.0021854!4d110.5128063!16s%2Fg%2F11bbrkg76j!19sChIJj4wvOiiyey4RXtRBJSmSBCs?authuser=0&hl=id&rclk=1,-8.0021854,110.5128063,Polsek Paliyan,Jl. Raya Paliyan,(0274) 391410,Gunungkidul
https://www.google.com/maps/place/Polsek+Tepus/data=!4m7!3m6!1s0x2e7bb9fc43a223ed:0xe323be9a0d196bdd!8m2!3d-8.1153281!4d110.6359294!16s%2Fg%2F11j2cc5kxl!19sChIJ7SOiQ_y5ey4R3WsZDZq-I-M?authuser=0&hl=id&rclk=1,-8.1153281,110.6359294,Polsek Tepus,"VJMP+V97, Jalan",,Gunungkidul
https://www.google.com/maps/place/Polsek+Rongkop/data=!4m7!3m6!1s0x2e7bc88926a88081:0x9bd3973140ffac04!8m2!3d-8.068877!4d110.7585946!16s%2Fg%2F1q62bqlkp!19sChIJgYCoJonIey4RBKz_QDGX05s?authuser=0&hl=id&rclk=1,-8.068877,110.7585946,Polsek Rongkop,"Jl. Raya Baran - Wonosari Km. 3, Semugih, Rongkop",0811-2687-423,Gunungkidul
https://www.google.com/maps/place/Polsek+Girisubo/data=!4m7!3m6!1s0x2e7bc6e665399b4b:0x595eca37e352b0e8!8m2!3d-8.1623529!4d110.7695048!16s%2Fg%2F11c2pwjg8w!19sChIJS5s5ZebGey4R6LBS4zfKXlk?authuser=0&hl=id&rclk=1,-8.1623529,110.7695048,Polsek Girisubo,RQQ9+3R2,0813-9974-5747,Gunungkidul
https://www.google.com/maps/place/Polsek+Semin/data=!4m7!3m6!1s0x2e7a35edf8fbf985:0xd8c513a2a6ee8d8c!8m2!3d-7.8631033!4d110.7253051!16s%2Fg%2F11cjp7wsbc!19sChIJhfn7-O01ei4RjI3upqITxdg?authuser=0&hl=id&rclk=1,-7.8631033,110.7253051,Polsek Semin,Jl. Raya Semin KM.1,(0274) 7467160,Gunungkidul
https://www.google.com/maps/place/Polsek+Tanjungsari/data=!4m7!3m6!1s0x2e7bb0f8a9de7d67:0xeaea209e3b3ae0c1!8m2!3d-8.0640562!4d110.5782275!16s%2Fg%2F11bc7qxx2n!19sChIJZ33eqfiwey4RweA6O54g6uo?authuser=0&hl=id&rclk=1,-8.0640562,110.5782275,Polsek Tanjungsari,Jl. Baron No.12,(0274) 7467153,Gunungkidul
https://www.google.com/maps/place/Kantor+Polisi+Sektor+Ponjong/data=!4m7!3m6!1s0x2e7bb56055555555:0x17be6ecdd6da718f!8m2!3d-7.9664526!4d110.7092666!16s%2Fg%2F11b67ybcnw!19sChIJVVVVVWC1ey4Rj3Ha1s1uvhc?authuser=0&hl=id&rclk=1,-7.9664526,110.7092666,Polsek Ponjong,,,Gunungkidul
https://www.google.com/maps/place/Polres+Bantul/data=!4m7!3m6!1s0x2e7aff576b58e70d:0x80c387090b4afb63!8m2!3d-7.8900282!4d110.3268964!16s%2Fg%2F1pzv5l4s4!19sChIJDedYa1f_ei4RY_tKCwmHw4A?authuser=0&hl=id&rclk=1,-7.8900282,110.3268964,Polres Bantul,,(0274) 367570,Bantul
https://www.google.com/maps/place/Polsek+Banguntapan/data=!4m7!3m6!1s0x2e7a572ce297477d:0x1c1c3da4ab34a480!8m2!3d-7.8112693!4d110.4076708!16s%2Fg%2F1ptw4y9m8!19sChIJfUeX4ixXei4RgKQ0q6Q9HBw?authuser=0&hl=id&rclk=1,-7.8112693,110.4076708,Polsek Banguntapan,Jl. Wonosari No.KM. 06,(0274) 414132,Bantul
https://www.google.com/maps/place/Polsek+Bantul/data=!4m7!3m6!1s0x2e7a55f8a0a9c05d:0x377b94c5f297e07b!8m2!3d-7.8964032!4d110.3372926!16s%2Fg%2F1pzrhlrl2!19sChIJXcCpoPhVei4Re-CX8sWUezc?authuser=0&hl=id&rclk=1,-7.8964032,110.3372926,Polsek Bantul,Jl. Marsda Adisucipto No.102,(0274) 367403,Bantul
https://www.google.com/maps/place/Polisi+Sektor+Sewon/data=!4m7!3m6!1s0x2e7a564f27d9b8fd:0x1e26b3c5595f379f!8m2!3d-7.8472456!4d110.3603587!16s%2Fg%2F1pzvqxcw3!19sChIJ_bjZJ09Wei4RnzdfWcWzJh4?authuser=0&hl=id&rclk=1,-7.8472456,110.3603587,Polsek Sewon,"Jl. Parangtritis No.KM 5, RW.6",(0274) 445585,Bantul
https://www.google.com/maps/place/Polsek+Pleret/data=!4m7!3m6!1s0x2e7a5697c0228ae7:0x5ed87275848e1ff9!8m2!3d-7.8659187!4d110.4046641!16s%2Fg%2F11b6d2n6s9!19sChIJ54oiwJdWei4R-R-OhHVy2F4?authuser=0&hl=id&rclk=1,-7.8659187,110.4046641,Polsek Pleret,"JL. Keputren, No. 84, Pleret, Banguntapan",(0274) 2810902,Bantul
https://www.google.com/maps/place/Polsek+Jetis/data=!4m7!3m6!1s0x2e7a5663df322d0b:0x54e179062d176be!8m2!3d-7.8897912!4d110.3738804!16s%2Fg%2F1ptwx6w2c!19sChIJCy0y32NWei4RvnbRYpAXTgU?authuser=0&hl=id&rclk=1,-7.8897912,110.3738804,Polsek Jetis,Jl. Imogiri Barat No.Km 11,(0274) 765704,Bantul
https://www.google.com/maps/place/Polsek+Kasihkan/data=!4m7!3m6!1s0x2e7a57d7498e2547:0x466590f326714714!8m2!3d-7.828945!4d110.3425111!16s%2Fg%2F1pztslp_q!19sChIJRyWOSddXei4RFEdxJvOQZUY?authuser=0&hl=id&rclk=1,-7.828945,110.3425111,Polsek Kasihkan,"58CV+C2C, Jl. Bibis Padokan Lor, Tirtonirmolo, Kasihan",(0274) 450025,Bantul
https://www.google.com/maps/place/Polsek+Piyungan/data=!4m7!3m6!1s0x2e7a510755adf6bb:0x12aa98fed3f9179d!8m2!3d-7.8377272!4d110.4747927!16s%2Fg%2F1pzttxmtm!19sChIJu_atVQdRei4RnRf50_6YqhI?authuser=0&hl=id&rclk=1,-7.8377272,110.4747927,Polsek Piyungan,Jl. Wonosari No.Km14,(0274) 522942,Bantul
https://www.google.com/maps/place/Polsek+Bambanglipuro/data=!4m7!3m6!1s0x2e7b0002c375ec43:0x7b97cca205542a65!8m2!3d-7.9273857!4d110.3201503!16s%2Fg%2F1pzs5kf08!19sChIJQ-x1wwIAey4RZSpUBaLMl3s?authuser=0&hl=id&rclk=1,-7.9273857,110.3201503,Polsek Bambanglipuro,"JL. Ganjuran Bambanglipuro, No.128",(0274) 766075,Bantul
https://www.google.com/maps/place/Polsek+Pandak/data=!4m7!3m6!1s0x2e7affbd0d70b02b:0x9b8184b1cc3278aa!8m2!3d-7.9104267!4d110.2939945!16s%2Fg%2F11bbrhz7_m!19sChIJK7BwDb3_ei4RqngyzLGEgZs?authuser=0&hl=id&rclk=1,-7.9104267,110.2939945,Polsek Pandak,Jl. Pandak,(0274) 6462400,Bantul
https://www.google.com/maps/place/Polsek+Sedayu/data=!4m7!3m6!1s0x2e7ae35155555553:0x89344234c0c93985!8m2!3d-7.8121154!4d110.270861!16s%2Fg%2F1ptz2j9db!19sChIJU1VVVVHjei4RhTnJwDRCNIk?authuser=0&hl=id&rclk=1,-7.8121154,110.270861,Polsek Sedayu,"No.Km 10, Jl. Wates",(0274) 6498549,Bantul
https://www.google.com/maps/place/Polsek+Depok+Timur/data=!4m7!3m6!1s0x2e7a59a19b0b3c1d:0x25df91e47423b2!8m2!3d-7.7621926!4d110.4153761!16s%2Fg%2F1pzt98j26!19sChIJHTwLm6FZei4RsiN05JHfJQA?authuser=0&hl=id&rclk=1,-7.7621926,110.4153761,Polsek Depok Timur,Jl. Padjajaran,(0274) 881557,Bantul
https://www.google.com/maps/place/Polsek+Pundong/data=!4m7!3m6!1s0x2e7a555f8fcd0abd:0x39cb3501d8cfd31b!8m2!3d-7.9558642!4d110.3442731!16s%2Fg%2F1pzsfhxf9!19sChIJvQrNj19Vei4RG9PP2AE1yzk?authuser=0&hl=id&rclk=1,-7.9558642,110.3442731,Polsek Pundong,"28VV+MP2, Jl. Klegen Pundong",(0274) 6464118,Bantul
https://www.google.com/maps/place/Polsek+Sanden/data=!4m7!3m6!1s0x2e7b01c54f59e28d:0x5e6295be5cb1d315!8m2!3d-7.9766638!4d110.2702751!16s%2Fg%2F11c6cg6tjq!19sChIJjeJZT8UBey4RFdOxXL6VYl4?authuser=0&hl=id&rclk=1,-7.9766638,110.2702751,Polsek Sanden,27FC+84J,0811-2580-988,Bantul
https://www.google.com/maps/place/%EA%A6%A5%EA%A6%BA%EA%A6%B4%EA%A6%AD%EA%A7%80%EA%A6%B1%EA%A6%BA%EA%A6%8F%EA%A7%80%EA%A6%A2%EA%A7%80%EA%A6%AD%EA%A6%B6%EA%A6%94%EA%A6%BA%EA%A6%B4+Polsek+Dlingo/data=!4m7!3m6!1s0x2e7a531bfb314fb9:0x81aef2fe6f84eaa7!8m2!3d-7.9295555!4d110.4670854!16s%2Fg%2F11c45nj7mz!19sChIJuU8x-xtTei4Rp-qEb_7yroE?authuser=0&hl=id&rclk=1,-7.9295555,110.4670854,Polsek Dlingo,Jl. Patuk - Dlingo No.KM. 13,,Bantul
https://www.google.com/maps/place/Polsek+Pajangan/data=!4m7!3m6!1s0x2e7b002a099f453b:0x831b7b5bfeb36e79!8m2!3d-7.8912278!4d110.2787631!16s%2Fg%2F1pzt6k4m9!19sChIJO0WfCSoAey4ReW6z_lt7G4M?authuser=0&hl=id&rclk=1,-7.8912278,110.2787631,Polsek Pajangan,,0851-0139-7072,Bantul
https://www.google.com/maps/place/Polsek+BBG+Lipuro-BTL/data=!4m7!3m6!1s0x2e7baaa955555533:0x3ba9fbf1ee92cf37!8m2!3d-7.96755!4d110.336839!16s%2Fg%2F1q62g0wsm!19sChIJM1VVVamqey4RN8-S7vH7qTs?authuser=0&hl=id&rclk=1,-7.96755,110.336839,Polsek BBG Lipuro-BTL,Jl. Ganjuran,(0274) 766075,Bantul
https://www.google.com/maps/place/Polsek+Srandakan/data=!4m7!3m6!1s0x2e7afe6e883ff9bb:0xbb1515d654883f8c!8m2!3d-7.9405521!4d110.2452434!16s%2Fg%2F1pzqy5w44!19sChIJu_k_iG7-ei4RjD-IVNYVFbs?authuser=0&hl=id&rclk=1,-7.9405521,110.2452434,Polsek Srandakan,Jl. Pandansimo No.Km. 2,(0274) 7490104,Bantul
https://www.google.com/maps/place/Polsek+Depok+Barat/data=!4m7!3m6!1s0x2e7a59e8a023d623:0xee6b9b2fe90cd5cc!8m2!3d-7.7834948!4d110.4058244!16s%2Fg%2F1ptyzdsfc!19sChIJI9YjoOhZei4RzNUM6S-ba-4?authuser=0&hl=id&rclk=1,-7.7834948,110.4058244,Polsek Depok Barat,"6C84+J84, Jl. Adisutjipto",(0274) 4535173,Kota Yogyakarta
https://www.google.com/maps/place/Polsek+Danurejan/data=!4m7!3m6!1s0x2e7a582cc91e9b39:0x9eca52988bea4085!8m2!3d-7.7883908!4d110.3780411!16s%2Fg%2F1tx75td6!19sChIJOZseySxYei4RhUDqi5hSyp4?authuser=0&hl=id&rclk=1,-7.7883908,110.3780411,Polsek Danurejan,"Jalan Krasak Timur, Kotabaru, Yogyakarta",(0274) 589609,Kota Yogyakarta
https://www.google.com/maps/place/Polresta+Yogyakarta/data=!4m7!3m6!1s0x2e7a5789121ec1bb:0x80385781dba92dd7!8m2!3d-7.7994546!4d110.3626046!16s%2Fg%2F1hm1wzz9s!19sChIJu8EeEolXei4R1y2p24FXOIA?authuser=0&hl=id&rclk=1,-7.7994546,110.3626046,Polresta Yogyakarta,Jl. Jend. Sudirman No.1,(0274) 543920,Kota Yogyakarta
https://www.google.com/maps/place/Polsek+Pakualaman/data=!4m7!3m6!1s0x2e7a57804a6e69a5:0xd5497043793affda!8m2!3d-7.7978432!4d110.3765788!16s%2Fg%2F1tjxnvwj!19sChIJpWluSoBXei4R2v86eUNwSdU?authuser=0&hl=id&rclk=1,-7.7978432,110.3765788,Polsek Pakualaman,Jl. Purwanggan No.53,(0274) 513178,Kota Yogyakarta
https://www.google.com/maps/place/%EA%A7%8B%EA%A6%A5%EA%A6%BA%EA%A6%B4%EA%A6%AD%EA%A7%80%EA%A6%B1%EA%A6%BA%EA%A6%8F%EA%A7%80%EA%A6%92%EA%A6%A4%EA%A7%80%EA%A6%9D%EA%A6%8F%EA%A6%B8%EA%A6%B1%EA%A6%B8%EA%A6%A9%EA%A6%A4%EA%A7%80+Polsek+Gondokusuman/data=!4m7!3m6!1s0x2e7aff587418d133:0x9138ae8f30b6aa20!8m2!3d-7.7916554!4d110.3866132!16s%2Fg%2F1wnzc3h8!19sChIJM9EYdFj_ei4RIKq2MI-uOJE?authuser=0&hl=id&rclk=1,-7.7916554,110.3866132,Polsek Gondokusuman,"Polsek Gondokusuman, Jl. Melati Wetan No.6",(0274) 513125,Kota Yogyakarta
https://www.google.com/maps/place/Polsek+Umbulharjo/data=!4m7!3m6!1s0x2e7a57a02a672205:0x90a8bda0957bcde7!8m2!3d-7.8167876!4d110.385797!16s%2Fg%2F1hm2y7dvc!19sChIJBSJnKqBXei4R5817laC9qJA?authuser=0&hl=id&rclk=1,-7.8167876,110.385797,Polsek Umbulharjo,,(0274) 373916,Kota Yogyakarta
https://www.google.com/maps/place/Polsek+Gondomanan/data=!4m7!3m6!1s0x2e7a5784fbfea4a3:0xc569b3f8dddbadb6!8m2!3d-7.8038275!4d110.3701109!16s%2Fg%2F1tqq0k8k!19sChIJo6T--4RXei4Rtq3b3fizacU?authuser=0&hl=id&rclk=1,-7.8038275,110.3701109,Polsek Gondomanan,Jl. Lobaningratan No.1,(0274) 375376,Kota Yogyakarta
https://www.google.com/maps/place/Kantor+Polisi+Sektor+Kotagede%EA%A7%8B%EA%A6%8F%EA%A6%A4%EA%A7%80%EA%A6%A0%EA%A6%BA%EA%A6%B4%EA%A6%82%EA%A6%A5%EA%A6%BA%EA%A6%B4%EA%A6%AD%EA%A6%B6%EA%A6%B1%EA%A6%B6%EA%A6%B1%EA%A6%BA%EA%A6%8F%EA%A7%80%EA%A6%A0%EA%A6%BA%EA%A6%B4%EA%A6%82%EA%A6%8F%EA%A6%BA%EA%A6%B4%EA%A6%A0%EA%A6%92%EA%A6%BA%EA%A6%A3%EA%A6%BA/data=!4m7!3m6!1s0x2e7a5716e2d889cb:0xec38454e7c7075c9!8m2!3d-7.8225955!4d110.3986056!16s%2Fg%2F1pv5v4tbm!19sChIJy4nY4hZXei4RyXVwfE5FOOw?authuser=0&hl=id&rclk=1,-7.8225955,110.3986056,Polsek Kotagede,Jl. Nyi Pembayun No.30 A,,Kota Yogyakarta
https://www.google.com/maps/place/Polsek+Jetis/data=!4m7!3m6!1s0x2e7a5840bfffffff:0x7fc5021ae8790f58!8m2!3d-7.7830317!4d110.3599025!16s%2Fg%2F1pzpqljw9!19sChIJ____v0BYei4RWA956BoCxX8?authuser=0&hl=id&rclk=1,-7.7830317,110.3599025,Polsek Jetis,Jl. Kyai Mojo No.3,(0274) 513136,Kota Yogyakarta
https://www.google.com/maps/place/Polsek+Mantrijeron/data=!4m7!3m6!1s0x2e7a57965765d7fd:0xc99b2ab670364feb!8m2!3d-7.8145222!4d110.3628796!16s%2Fg%2F1pzswms4m!19sChIJ_ddlV5ZXei4R6082cLYqm8k?authuser=0&hl=id&rclk=1,-7.8145222,110.3628796,Polsek Mantrijeron,Jl. Panjaitan,(0274) 374167,Kota Yogyakarta
https://www.google.com/maps/place/Polsek+Tegalrejo/data=!4m7!3m6!1s0x2e7a5838ca072237:0xef87691426c806d5!8m2!3d-7.7722103!4d110.3615107!16s%2Fg%2F1hm1v97ml!19sChIJNyIHyjhYei4R1QbIJhRph-8?authuser=0&hl=id&rclk=1,-7.7722103,110.3615107,Polsek Tegalrejo,Jl. Magelang No.184,(0274) 513877,Kota Yogyakarta
https://www.google.com/maps/place/Polsek+Mergangsan/data=!4m7!3m6!1s0x2e7a57a1902789df:0x7bbcff60a2d241a4!8m2!3d-7.8180873!4d110.3733954!16s%2Fg%2F11bbx0swyj!19sChIJ34knkKFXei4RpEHSomD_vHs?authuser=0&hl=id&rclk=1,-7.8180873,110.3733954,Polsek Mergangsan,,(0274) 375138,Kota Yogyakarta
https://www.google.com/maps/place/Polsek+Gedongtengen/data=!4m7!3m6!1s0x2e7a5825fc9be1bf:0x8aaab7396fe34c26!8m2!3d-7.7894463!4d110.3612247!16s%2Fg%2F1tgl6bk0!19sChIJv-Gb_CVYei4RJkzjbzm3qoo?authuser=0&hl=id&rclk=1,-7.7894463,110.3612247,Polsek Gedongtengen,,(0274) 512696,Kota Yogyakarta
https://www.google.com/maps/place/Polsek+Ngampilan/data=!4m7!3m6!1s0x2e7a578a19f439a3:0x822005c8aeb1e415!8m2!3d-7.797465!4d110.3602631!16s%2Fg%2F1td7whkn!19sChIJozn0GYpXei4RFeSxrsgFIII?authuser=0&hl=id&rclk=1,-7.797465,110.3602631,Polsek Ngampilan,Jl. Karel Sasuit Tubun,(0274) 512185,Kota Yogyakarta
https://www.google.com/maps/place/Polsek+Kraton%28%EA%A6%A5%EA%A6%BA%EA%A6%B4%EA%A6%AD%EA%A7%80%EA%A6%B1%EA%A6%BA%EA%A6%8F%EA%A7%80%EA%A6%8F%EA%A6%BF%EA%A6%A0%EA%A6%BA%EA%A6%B4%EA%A6%A4%EA%A7%80%29/data=!4m7!3m6!1s0x2e7a5792f03b6be7:0x9a18b6c735e12d83!8m2!3d-7.8089016!4d110.3651285!16s%2Fg%2F1tdsmd43!19sChIJ52s78JJXei4Rgy3hNce2GJo?authuser=0&hl=id&rclk=1,-7.8089016,110.3651285,Polsek Kraton,,(0274) 373793,Kota Yogyakarta
https://www.google.com/maps/place/Polda+D.I.+Yogyakarta/data=!4m7!3m6!1s0x2e7a599977ac8e1b:0xc28ff50874bd94a8!8m2!3d-7.7575571!4d110.4007005!16s%2Fg%2F1pxys8_6w!19sChIJG46sd5lZei4RqJS9dAj1j8I?authuser=0&hl=id&rclk=1,-7.7575571,110.4007005,Polda D.I. Yogyakarta,,(0274) 884444,Kota Yogyakarta
https://www.google.com/maps/place/Polsek+Wirobrajan/data=!4m7!3m6!1s0x2e7a57f385870037:0xb42ce4f876f757cf!8m2!3d-7.8049907!4d110.3504173!16s%2Fg%2F1tfvwl0d!19sChIJNwCHhfNXei4Rz1f3dvjkLLQ?authuser=0&hl=id&rclk=1,-7.8049907,110.3504173,Polsek Wirobrajan,,(0274) 374832,Kota Yogyakarta
https://www.google.com/maps/place/Polsek+Depok+Timur/data=!4m7!3m6!1s0x2e7a59a19b0b3c1d:0x25df91e47423b2!8m2!3d-7.7621926!4d110.4153761!16s%2Fg%2F1pzt98j26!19sChIJHTwLm6FZei4RsiN05JHfJQA?authuser=0&hl=id&rclk=1,-7.7621926,110.4153761,Polsek Depok Timur,Jl. Padjajaran,(0274) 881557,Kota Yogyakarta
https://www.google.com/maps/place/Mako+Brimob+Baciro/data=!4m7!3m6!1s0x2e7a59d6c1284e0d:0xdae42fc03912814c!8m2!3d-7.7902731!4d110.3859613!16s%2Fg%2F11b6v5mgwt!19sChIJDU4owdZZei4RTIESOcAv5No?authuser=0&hl=id&rclk=1,-7.7902731,110.3859613,Mako Brimob Baciro,Jl. Mojo No.17,(0274) 541672,Kota Yogyakarta
https://www.google.com/maps/place/Polres+Kulon+Progo/data=!4m7!3m6!1s0x2e7afb12a164ac3d:0x665aab4960922583!8m2!3d-7.8661776!4d110.1756721!16s%2Fg%2F11df0nm9f5!19sChIJPaxkoRL7ei4RgyWSYEmrWmY?authuser=0&hl=id&rclk=1,-7.8661776,110.1756721,Polres Kulon Progo,,(0274) 773110,Kulon Progo
https://www.google.com/maps/place/Polsek+Wates/data=!4m7!3m6!1s0x2e7afb2337660d8d:0xb3f44b953d7c446e!8m2!3d-7.8568314!4d110.1599491!16s%2Fg%2F1ptxcp78g!19sChIJjQ1mNyP7ei4RbkR8PZVL9LM?authuser=0&hl=id&rclk=1,-7.8568314,110.1599491,Polsek Wates,,(0274) 774418,Kulon Progo
https://www.google.com/maps/place/Polsek+Galur/data=!4m7!3m6!1s0x2e7afcab7bc755ef:0xefc6643d4f55c827!8m2!3d-7.9402606!4d110.2369673!16s%2Fg%2F1ptxcp78h!19sChIJ71XHe6v8ei4RJ8hVTz1kxu8?authuser=0&hl=id&rclk=1,-7.9402606,110.2369673,Polsek Galur,"Jl. Galur, Galur",(0274) 6473667,Kulon Progo
https://www.google.com/maps/place/Polsek+Kalibawang/data=!4m7!3m6!1s0x2e7a808a54bdef25:0x4957c45b29b22ee6!8m2!3d-7.6751715!4d110.2629531!16s%2Fg%2F1q62dsyr8!19sChIJJe-9VIqAei4R5i6yKVvEV0k?authuser=0&hl=id&rclk=1,-7.6751715,110.2629531,Polsek Kalibawang,"Jl. Kalibawang, Wates",(0274) 2821687,Kulon Progo
https://www.google.com/maps/place/Polsek+Lendah+Polres+Kulonprogo/data=!4m7!3m6!1s0x2e7afc939d920829:0x96e80d29fbfa25df!8m2!3d-7.931265!4d110.2277788!16s%2Fg%2F11bbrm8tqb!19sChIJKQiSnZP8ei4R3yX6-ykN6JY?authuser=0&hl=id&rclk=1,-7.931265,110.2277788,Polsek Lendah,Jl. Jatirejo,(0274) 7721378,Kulon Progo
https://www.google.com/maps/place/Polsek+Nanggulan/data=!4m7!3m6!1s0x2e7af9900000000b:0xc8c42f47772a6b15!8m2!3d-7.7770477!4d110.2122558!16s%2Fg%2F1pzrr9l2w!19sChIJCwAAAJD5ei4RFWsqd0cvxMg?authuser=0&hl=id&rclk=1,-7.7770477,110.2122558,Polsek Nanggulan,Jl. Sentolo Nanggulan,(0274) 2821649,Kulon Progo
https://www.google.com/maps/place/Polsek+Temon/data=!4m7!3m6!1s0x2e7ae35155555553:0xe2e5caa9dcdd0297!8m2!3d-7.8867373!4d110.0813968!16s%2Fg%2F1wbyyjm_!19sChIJU1VVVVHjei4RlwLd3KnK5eI?authuser=0&hl=id&rclk=1,-7.8867373,110.0813968,Polsek Temon,,(0274) 774428,Kulon Progo
https://www.google.com/maps/place/Polsek+Sentolo/data=!4m7!3m6!1s0x2e7afbe555555565:0xfeba69d6a0136e0e!8m2!3d-7.8269464!4d110.2246152!16s%2Fg%2F11bbrbw33k!19sChIJZVVVVeX7ei4RDm4ToNZpuv4?authuser=0&hl=id&rclk=1,-7.8269464,110.2246152,Polsek Sentolo,"Jl. Jogja Wates, Sentolo, Dlaban",(0274) 6472110,Kulon Progo
https://www.google.com/maps/place/Polsek+Girimulyo/data=!4m7!3m6!1s0x2e7af1afffffff89:0xc5e1da6f8d039431!8m2!3d-7.7710007!4d110.1820031!16s%2Fg%2F11b73qnhq8!19sChIJif___6_xei4RMZQDjW_a4cU?authuser=0&hl=id&rclk=1,-7.7710007,110.1820031,Polsek Girimulyo,Jalan Karanganyar,(0274) 2824456,Kulon Progo
https://www.google.com/maps/place/Polsek+Pengasih/data=!4m7!3m6!1s0x2e7afb0e62a5a16b:0xc7a2e3c42404ff26!8m2!3d-7.8435652!4d110.1675382!16s%2Fg%2F1pzrws6q3!19sChIJa6GlYg77ei4RJv8EJMTjosc?authuser=0&hl=id&rclk=1,-7.8435652,110.1675382,Polsek Pengasih,,(0274) 774521,Kulon Progo
https://www.google.com/maps/place/Polsek+Kokap/data=!4m7!3m6!1s0x2e7ae59f6bf4cc43:0xb5a40c13ff956420!8m2!3d-7.8650298!4d110.1095194!16s%2Fg%2F1pzxzqsnr!19sChIJQ8z0a5_lei4RIGSV_xMMpLU?authuser=0&hl=id&rclk=1,-7.8650298,110.1095194,Polsek Kokap,Jl. Ngaseman Kokap,(0274) 7721652,Kulon Progo
https://www.google.com/maps/place/Polsubsektor+Bendungan/data=!4m7!3m6!1s0x2e7afcaeb525a647:0xb447991477c832f1!8m2!3d-7.8945405!4d110.1467003!16s%2Fg%2F1pzpr15p7!19sChIJR6Ylta78ei4R8TLIdxSZR7Q?authuser=0&hl=id&rclk=1,-7.8945405,110.1467003,Polsek Bendungan,Jl. Bendungan,(0274) 774418,Kulon Progo
https://www.google.com/maps/place/Polsek+Panjatan/data=!4m7!3m6!1s0x2e7afc96f3bba723:0x325b15a4b843c812!8m2!3d-7.8969279!4d110.1622567!16s%2Fg%2F1pzpp206w!19sChIJI6e785b8ei4REshDuKQVWzI?authuser=0&hl=id&rclk=1,-7.8969279,110.1622567,Polsek Panjatan,,(0274) 774045,Kulon Progo
https://www.google.com/maps/place/Sat+Brimob+Sentolo/data=!4m7!3m6!1s0x2e7ae4a6034c9daf:0xa97aae7b2f159875!8m2!3d-7.8268011!4d110.2258938!16s%2Fg%2F11bbrjt8rp!19sChIJr51MA6bkei4RdZgVL3uueqk?authuser=0&hl=id&rclk=1,-7.8268011,110.2258938,Brimob Sentolo,Jl. Dlaban Wates,,Kulon Progo
https://www.google.com/maps/place/Polsek+Depok+Barat/data=!4m7!3m6!1s0x2e7a59e8a023d623:0xee6b9b2fe90cd5cc!8m2!3d-7.7834948!4d110.4058244!16s%2Fg%2F1ptyzdsfc!19sChIJI9YjoOhZei4RzNUM6S-ba-4?authuser=0&hl=id&rclk=1,-7.7834948,110.4058244,Polsek Depok Barat,"6C84+J84, Jl. Adisutjipto",(0274) 4535173,Sleman
https://www.google.com/maps/place/Polresta+Sleman/data=!4m7!3m6!1s0x2e7a598550719909:0x8ad31fef5597f6f0!8m2!3d-7.696696!4d110.3470473!16s%2Fg%2F1tf2hw0n!19sChIJCZlxUIVZei4R8PaXVe8f04o?authuser=0&hl=id&rclk=1,-7.696696,110.3470473,Polresta Sleman,,(0274) 868424,Sleman
https://www.google.com/maps/place/Polsek+Sleman/data=!4m7!3m6!1s0x2e7a5f4f21629b4f:0x855bd267f12870b6!8m2!3d-7.7066976!4d110.3476165!16s%2Fg%2F11clzv121q!19sChIJT5tiIU9fei4RtnAo8WfSW4U?authuser=0&hl=id&rclk=1,-7.7066976,110.3476165,Polsek Sleman,"78VX+82H, Jl. Dr. Radjimin",(0274) 868559,Sleman
https://www.google.com/maps/place/Polsek+Depok+Timur/data=!4m7!3m6!1s0x2e7a59a19b0b3c1d:0x25df91e47423b2!8m2!3d-7.7621926!4d110.4153761!16s%2Fg%2F1pzt98j26!19sChIJHTwLm6FZei4RsiN05JHfJQA?authuser=0&hl=id&rclk=1,-7.7621926,110.4153761,Polsek Depok Timur,Jl. Padjajaran,(0274) 881557,Sleman
https://www.google.com/maps/place/Polsek+Bulaksumur/data=!4m7!3m6!1s0x2e7a585eaaaaaaab:0xcf9aaae016a3a70d!8m2!3d-7.7704482!4d110.3849196!16s%2Fg%2F1pzvqx21n!19sChIJq6qqql5Yei4RDaejFuCqms8?authuser=0&hl=id&rclk=1,-7.7704482,110.3849196,Polsek Bulaksumur,"69HM+RXF, Jl. Lembah UGM",(0274) 557111,Sleman
https://www.google.com/maps/place/Polsek+Kalasan/data=!4m7!3m6!1s0x2e7a57c62bcf2d99:0xefe2be2ae9b6459f!8m2!3d-7.7658174!4d110.4721403!16s%2Fg%2F1q62hp_35!19sChIJmS3PK8ZXei4Rn0W26Sq-4u8?authuser=0&hl=id&rclk=1,-7.7658174,110.4721403,Polsek Kalasan,Jl. Raya Solo - Yogyakarta No.KM.14,(0274) 496110,Sleman
https://www.google.com/maps/place/Polsek+Ngaglik/data=!4m7!3m6!1s0x2e7a59aa0873795f:0x478c897fa33c24b!8m2!3d-7.7234786!4d110.400944!16s%2Fg%2F1pzs4252m!19sChIJX3lzCKpZei4RS8Iz-pfIeAQ?authuser=0&hl=id&rclk=1,-7.7234786,110.400944,Polsek Ngaglik,Jl. Kaliurang,(0274) 882810,Sleman
https://www.google.com/maps/place/Polsek+Godean/data=!4m7!3m6!1s0x2e7af7afffbd259f:0xd84d8fa461130ab4!8m2!3d-7.7722185!4d110.3083987!16s%2Fg%2F1tf4hb8b!19sChIJnyW9_6_3ei4RtAoTYaSPTdg?authuser=0&hl=id&rclk=1,-7.7722185,110.3083987,Polsek Godean,"Jl. Godean Km. 8.5, Sidokarto, Kec. Godean",(0274) 798110,Sleman
https://www.google.com/maps/place/Polsek+Mlati/data=!4m7!3m6!1s0x2e7af73c3974f21f:0xa45a5510322ae7de!8m2!3d-7.7345421!4d110.3284234!16s%2Fg%2F11t178vm1c!19sChIJH_J0OTz3ei4R3ucqMhBVWqQ?authuser=0&hl=id&rclk=1,-7.7345421,110.3284234,Polsek Mlati,,0896-6492-5678,Sleman
https://www.google.com/maps/place/Polsek+Prambanan+Sleman/data=!4m7!3m6!1s0x2e7a5aeef2ede2d1:0x3c202c666d6933d5!8m2!3d-7.7594746!4d110.4884668!16s%2Fg%2F1pzy4_0by!19sChIJ0eLt8u5aei4R1TNpbWYsIDw?authuser=0&hl=id&rclk=1,-7.7594746,110.4884668,Polsek Prambanan Sleman,"Jl. Raya Prambanan - Piyungan KM No.1, Bokoharjo, Prambanan",(0274) 496593,Sleman
https://www.google.com/maps/place/Polsek+Tempel/data=!4m7!3m6!1s0x2e7af559c68266dd:0x7d9706a40fadf76d!8m2!3d-7.6525391!4d110.3264758!16s%2Fg%2F1pzr4qx2t!19sChIJ3WaCxln1ei4RbfetD6QGl30?authuser=0&hl=id&rclk=1,-7.6525391,110.3264758,Polsek Tempel,"Pasar Tempel, Jl. Magelang - Yogyakarta",(0274) 869110,Sleman
https://www.google.com/maps/place/Polsek+Berbah/data=!4m7!3m6!1s0x2e7a509155555569:0x98c0aea28f9675eb!8m2!3d-7.7905181!4d110.4600272!16s%2Fg%2F1pty72y7x!19sChIJaVVVVZFQei4R63WWj6KuwJg?authuser=0&hl=id&rclk=1,-7.7905181,110.4600272,Polsek Berbah,"Jl. Tanjung Kalitirto, Kampung Teguhan, Desa Kalitirto, Berbah",(0274) 496509,Sleman
https://www.google.com/maps/place/Polsek+Gamping/data=!4m7!3m6!1s0x2e7af82ddfb4ee21:0xe4a493dfd45cda3f!8m2!3d-7.8027402!4d110.3138794!16s%2Fg%2F1tgyz07t!19sChIJIe603y34ei4RP9pc1N-TpOQ?authuser=0&hl=id&rclk=1,-7.8027402,110.3138794,Polsek Gamping,"Jl. Yogya-Wates KM.5, Ambarketawang",(0274) 797110,Sleman
https://www.google.com/maps/place/Polsek+Ngemplak/data=!4m7!3m6!1s0x2e7a5c12229434bd:0x4f08b169ac466836!8m2!3d-7.6980168!4d110.4446764!16s%2Fg%2F11c2j9pg_m!19sChIJvTSUIhJcei4RNmhGrGmxCE8?authuser=0&hl=id&rclk=1,-7.6980168,110.4446764,Polsek Ngemplak,,(0274) 4461036,Sleman
https://www.google.com/maps/place/Polsek+Pakem/data=!4m7!3m6!1s0x2e7a5e9937a52f7b:0x32a0301102373b13!8m2!3d-7.6605589!4d110.4214402!16s%2Fg%2F1pzrhlfyb!19sChIJey-lN5leei4REzs3AhEwoDI?authuser=0&hl=id&rclk=1,-7.6605589,110.4214402,Polsek Pakem,"Jl. Kaliurang Km.17.5, Pakembinangun, Pakem",(0274) 895110,Sleman
https://www.google.com/maps/place/Polda+D.I.+Yogyakarta/data=!4m7!3m6!1s0x2e7a599977ac8e1b:0xc28ff50874bd94a8!8m2!3d-7.7575571!4d110.4007005!16s%2Fg%2F1pxys8_6w!19sChIJG46sd5lZei4RqJS9dAj1j8I?authuser=0&hl=id&rclk=1,-7.7575571,110.4007005,Polda D.I. Yogyakarta,,(0274) 884444,Sleman
https://www.google.com/maps/place/Polsek+Moyudan/data=!4m7!3m6!1s0x2e7af73bfa3db5c9:0xea7e1967629e0bbe!8m2!3d-7.7734878!4d110.2535537!16s%2Fg%2F1tq_yyn3!19sChIJybU9-jv3ei4RvgueYmcZfuo?authuser=0&hl=id&rclk=1,-7.7734878,110.2535537,Polsek Moyudan,,(0274) 6497080,Sleman
https://www.google.com/maps/place/Polsek+Tegalrejo/data=!4m7!3m6!1s0x2e7a5838ca072237:0xef87691426c806d5!8m2!3d-7.7722103!4d110.3615107!16s%2Fg%2F1hm1v97ml!19sChIJNyIHyjhYei4R1QbIJhRph-8?authuser=0&hl=id&rclk=1,-7.7722103,110.3615107,Polsek Tegalrejo,Jl. Magelang No.184,(0274) 513877,Sleman
https://www.google.com/maps/place/Polsek+Seyegan/data=!4m7!3m6!1s0x2e7af60b15d42ca9:0xc5c92e4ccd70a5cf!8m2!3d-7.7201483!4d110.3086983!16s%2Fg%2F1ptz4nzr4!19sChIJqSzUFQv2ei4Rz6VwzUwuycU?authuser=0&hl=id&rclk=1,-7.7201483,110.3086983,Polsek Seyegan,"78H5+WFW, Jl. Tempel-Seyegan",(0274) 794454,Sleman